adverse_dimensions,patches,percentage,cumulative_at_least
0,86,23.955431754874652,100.0
1,35,9.749303621169917,76.04456824512535
2,37,10.30640668523677,66.29526462395543
3,34,9.470752089136491,55.98885793871866
4,53,14.763231197771587,46.51810584958218
5,48,13.370473537604457,31.75487465181058
6,23,6.406685236768802,18.384401114206128
7,14,3.8997214484679668,11.977715877437326
8,13,3.6211699164345403,8.07799442896936
9,13,3.6211699164345403,4.456824512534819
10,3,0.8356545961002786,0.8356545961002786
