excluded_repo,metric,n_patches,median_delta,mean_delta,adverse_patches,adverse_pct,rank_biserial,p_value
astropy/astropy,cc_mean,341,0.0,0.0761209103201067,162,47.50733137829912,0.6685363117592548,1.738372432986353e-16
astropy/astropy,cc_max,341,0.0,0.3308895405669599,51,14.956011730205278,0.9210342417889588,3.441140962179436e-09
astropy/astropy,mi,341,0.0,-0.39330735731892297,169,49.56011730205279,-0.8203087441910154,4.980390609842836e-23
astropy/astropy,halstead_volume,341,0.0,41.06471961489088,167,48.97360703812317,0.8660608220479924,2.9894413889654546e-24
astropy/astropy,cognitive_mean,341,0.0,0.1658670484587359,161,47.21407624633431,0.6104664930144447,3.489019445790969e-14
astropy/astropy,cognitive_max,341,0.0,1.0043988269794721,48,14.07624633431085,0.9850980392156863,1.2522102468751613e-09
astropy/astropy,max_nesting,341,0.0,0.07233626588465297,23,6.744868035190616,0.91,6.425975319900362e-05
astropy/astropy,function_length_mean,341,0.0196078431372548,0.19481470943304796,196,57.47800586510264,0.5282668825473925,9.4057655210027e-13
astropy/astropy,function_length_max,341,0.0,1.249266862170088,67,19.64809384164223,0.9102615694164989,3.340142780707457e-11
astropy/astropy,ruff_findings,341,0.0,0.1063049853372434,39,11.436950146627566,0.5927601809954751,0.00015650945583219595
django/django,cc_mean,172,0.0,0.06391579115594365,82,47.674418604651166,0.7260726072607261,2.374831031700168e-10
django/django,cc_max,172,0.0,0.315891472868217,27,15.69767441860465,0.8505747126436781,5.0858119325646044e-05
django/django,mi,172,-0.0152796985157106,-0.44727955824480525,90,52.325581395348834,-0.7628937348563517,7.382033133122432e-12
django/django,halstead_volume,172,7.624851820708992,47.35805557910058,89,51.74418604651163,0.7915151515151515,8.059964382529318e-12
django/django,cognitive_mean,172,0.00431152010906615,0.13104253278073483,87,50.58139534883721,0.6905503634475597,5.628878505258352e-10
django/django,cognitive_max,172,0.0,0.9854651162790697,27,15.69767441860465,0.9655172413793104,5.315696228393482e-06
django/django,max_nesting,172,0.0,0.0687984496124031,11,6.395348837209302,0.8333333333333334,0.008386548347794186
django/django,function_length_mean,172,0.0406593406593382,0.17492391822629003,100,58.13953488372093,0.5478709677419354,1.1960415430645964e-07
django/django,function_length_max,172,0.0,1.308139534883721,37,21.511627906976745,0.8341463414634146,4.127950371650478e-06
django/django,ruff_findings,172,0.0,0.03197674418604652,15,8.720930232558139,0.38405797101449274,0.10200163430697956
matplotlib/matplotlib,cc_mean,358,0.0,0.07647146622447062,173,48.324022346368714,0.6863290589002391,3.1714462940332505e-18
matplotlib/matplotlib,cc_max,358,0.0,0.3263500931098696,54,15.083798882681565,0.9241854636591479,1.0652537993560606e-09
matplotlib/matplotlib,mi,358,-0.0108753159107912,-0.39177771654680116,181,50.55865921787709,-0.8185826180760752,2.2634472911585075e-24
matplotlib/matplotlib,halstead_volume,358,0.0,41.2119858234176,178,49.720670391061454,0.8609628466771324,1.9012921677051002e-25
matplotlib/matplotlib,cognitive_mean,358,0.0,0.1634736067469269,173,48.324022346368714,0.6343680616647815,4.63255144054655e-16
matplotlib/matplotlib,cognitive_max,358,0.0,0.9762569832402235,51,14.245810055865922,0.9860237596086653,3.8927695039152147e-10
matplotlib/matplotlib,max_nesting,358,0.0,0.07448789571694601,25,6.983240223463687,0.9173789173789174,2.572519716007808e-05
matplotlib/matplotlib,function_length_mean,358,0.0209790209790199,0.18335003489552087,206,57.54189944134078,0.5387585116731517,7.866079950832747e-14
matplotlib/matplotlib,function_length_max,358,0.0,1.217877094972067,70,19.553072625698324,0.9137356534616808,1.0761365147393841e-11
matplotlib/matplotlib,ruff_findings,358,0.0,0.10405027932960893,39,10.893854748603353,0.6188235294117647,9.457698449246776e-05
pallets/flask,cc_mean,358,0.0,0.07624800253731978,172,48.04469273743017,0.6841735772892809,4.819609850055222e-18
pallets/flask,cc_max,358,0.0,0.3235567970204842,53,14.804469273743017,0.9233766233766234,1.5838128476501488e-09
pallets/flask,mi,358,-0.008118751923245,-0.390312139295856,180,50.279329608938546,-0.8174757281553398,3.358298753411276e-24
pallets/flask,halstead_volume,358,0.0,41.14625796811747,177,49.44134078212291,0.8606925720327783,2.6045842720327053e-25
pallets/flask,cognitive_mean,358,0.0,0.1632990257413403,172,48.04469273743017,0.6329429670654885,6.269739224279954e-16
pallets/flask,cognitive_max,358,0.0,0.973463687150838,50,13.966480446927374,0.9862119013062409,5.672267925841567e-10
pallets/flask,max_nesting,358,0.0,0.07448789571694601,25,6.983240223463687,0.9173789173789174,2.572519716007808e-05
pallets/flask,function_length_mean,358,0.02029343205813735,0.1827390013759678,205,57.262569832402235,0.5366115196078431,1.1005213871402651e-13
pallets/flask,function_length_max,358,0.0,1.2067039106145252,69,19.273743016759777,0.9121004566210046,1.609357917537637e-11
pallets/flask,ruff_findings,358,0.0,0.10125698324022346,39,10.893854748603353,0.5927601809954751,0.00015650945583219595
psf/requests,cc_mean,351,0.0,0.07736243396690129,168,47.863247863247864,0.6797448165869219,1.5877826713965468e-17
psf/requests,cc_max,351,0.0,0.3300094966761633,53,15.0997150997151,0.9233766233766234,1.5838128476501488e-09
psf/requests,mi,351,0.0,-0.3948885314267864,175,49.857549857549856,-0.8149253731343283,1.632358478274638e-23
psf/requests,halstead_volume,351,2.673346555794524,41.6857578586286,176,50.142450142450144,0.8593558036429678,4.0794908922203815e-25
psf/requests,cognitive_mean,351,0.0,0.16583979211425487,169,48.148148148148145,0.627906976744186,1.6637799202114993e-15
psf/requests,cognitive_max,351,0.0,0.9957264957264957,51,14.52991452991453,0.9860237596086653,3.8927695039152147e-10
psf/requests,max_nesting,351,0.0,0.07597340930674264,25,7.122507122507122,0.9173789173789174,2.572519716007808e-05
psf/requests,function_length_mean,351,0.0209790209790199,0.18574077717446094,201,57.26495726495727,0.5328210965661165,2.52057738710063e-13
psf/requests,function_length_max,351,0.0,1.227920227920228,69,19.65811965811966,0.9117199391171994,1.639877961342883e-11
psf/requests,ruff_findings,351,0.0,0.10185185185185185,38,10.826210826210826,0.5929411764705882,0.00017636135568239647
pydata/xarray,cc_mean,347,0.0,0.07604570392143856,165,47.55043227665706,0.672810843769054,5.614902029751395e-17
pydata/xarray,cc_max,347,0.0,0.3309317963496638,53,15.27377521613833,0.9227272727272727,1.556546016260634e-09
pydata/xarray,mi,347,-0.0128719039087101,-0.38197374874582146,176,50.720461095100866,-0.8112408255750948,2.0051813560720072e-23
pydata/xarray,halstead_volume,347,0.0,40.34447478296258,171,49.279538904899134,0.8548350782393336,2.868762129003714e-24
pydata/xarray,cognitive_mean,347,0.0,0.16513751193592865,165,47.55043227665706,0.6210336267208305,6.0371494455834115e-15
pydata/xarray,cognitive_max,347,0.0,0.978386167146974,49,14.121037463976945,0.9849170437405732,8.54464568946086e-10
pydata/xarray,max_nesting,347,0.0,0.07396733909702209,24,6.916426512968299,0.9138461538461539,4.069707725006824e-05
pydata/xarray,function_length_mean,347,0.0183486238532104,0.18330548134545258,198,57.06051873198847,0.5243230988470009,8.185303519357226e-13
pydata/xarray,function_length_max,347,0.0,1.244956772334294,68,19.596541786743515,0.912754303599374,2.1568591774206765e-11
pydata/xarray,ruff_findings,347,0.0,0.09870317002881844,37,10.662824207492795,0.5787755102040816,0.0003047067752843434
pytest-dev/pytest,cc_mean,343,0.0,0.07922230032318468,167,48.68804664723032,0.7004025574236324,3.4594736095691584e-18
pytest-dev/pytest,cc_max,343,0.0,0.3435374149659864,53,15.451895043731778,0.9777777777777777,2.2159698265756916e-10
pytest-dev/pytest,mi,343,0.0,-0.3848061424604875,169,49.27113702623907,-0.8045995241871531,2.5314736530811823e-22
pytest-dev/pytest,halstead_volume,343,2.673346555794524,42.21143912153113,172,50.14577259475219,0.8569200779727095,1.684116516202811e-24
pytest-dev/pytest,cognitive_mean,343,0.0,0.167061250996993,168,48.97959183673469,0.6519480519480519,3.0301096219706513e-16
pytest-dev/pytest,cognitive_max,343,0.0,0.9868804664723032,48,13.994169096209912,0.9850980392156863,1.2513795799028297e-09
pytest-dev/pytest,max_nesting,343,0.0,0.08066083576287658,25,7.288629737609329,1.0,7.1107293327257205e-06
pytest-dev/pytest,function_length_mean,343,0.0209790209790199,0.1871043117503338,198,57.72594752186589,0.5542656406825025,6.112932794010809e-14
pytest-dev/pytest,function_length_max,343,0.0,1.2040816326530612,68,19.825072886297377,0.911189358372457,2.318847741438867e-11
pytest-dev/pytest,ruff_findings,343,0.0,0.10860058309037901,39,11.370262390670554,0.6188235294117647,9.457698449246776e-05
scikit-learn/scikit-learn,cc_mean,333,0.0,0.0805577857244902,163,48.948948948948946,0.6882419585242107,2.656660772157674e-17
scikit-learn/scikit-learn,cc_max,333,0.0,0.3358358358358358,50,15.015015015015015,0.9201741654571843,5.0990351045567365e-09
scikit-learn/scikit-learn,mi,333,0.0,-0.40995678798468393,165,49.549549549549546,-0.854641598119859,8.87870927509207e-24
scikit-learn/scikit-learn,halstead_volume,333,2.673346555794524,42.84507971747164,167,50.150150150150154,0.8531727379553466,1.0579074158817341e-23
scikit-learn/scikit-learn,cognitive_mean,333,0.0,0.1723310450833518,162,48.648648648648646,0.6323290291726447,4.838394071124216e-15
scikit-learn/scikit-learn,cognitive_max,333,0.0,1.0285285285285286,49,14.714714714714715,0.9856711915535445,8.407875240846983e-10
scikit-learn/scikit-learn,max_nesting,333,0.0,0.08008008008008008,25,7.5075075075075075,0.9173789173789174,2.572519716007808e-05
scikit-learn/scikit-learn,function_length_mean,333,0.0138888888888892,0.1843534257541583,185,55.55555555555556,0.5130406074612083,1.1267642554650445e-11
scikit-learn/scikit-learn,function_length_max,333,0.0,1.2462462462462462,62,18.61861861861862,0.9076923076923077,1.8828018773413128e-10
scikit-learn/scikit-learn,ruff_findings,333,0.0,0.09984984984984985,38,11.411411411411411,0.5780392156862745,0.0002557731784858224
sphinx-doc/sphinx,cc_mean,326,0.0,0.0694987340126255,158,48.466257668711656,0.685589972029421,8.58168399136856e-17
sphinx-doc/sphinx,cc_max,326,0.0,0.28169734151329245,46,14.110429447852761,0.9090136054421769,2.4843331423675963e-08
sphinx-doc/sphinx,mi,326,-0.01389436525968785,-0.3345768604624178,166,50.920245398773005,-0.8166988151005786,1.6389990680273138e-22
sphinx-doc/sphinx,halstead_volume,326,0.0,37.96630685052197,157,48.15950920245399,0.8500431864992359,3.116992825253139e-22
sphinx-doc/sphinx,cognitive_mean,326,0.0,0.13495412663806747,155,47.54601226993865,0.6066189533526217,1.345475608143773e-13
sphinx-doc/sphinx,cognitive_max,326,0.0,0.7361963190184049,43,13.190184049079754,0.9806763285024155,9.163710545584612e-09
sphinx-doc/sphinx,max_nesting,326,0.0,0.06492842535787322,20,6.134969325153374,0.8961038961038961,0.00021362324142017131
sphinx-doc/sphinx,function_length_mean,326,0.02029343205813735,0.13082487709728952,188,57.668711656441715,0.5258925351604761,2.7660494074826463e-12
sphinx-doc/sphinx,function_length_max,326,0.0,0.9171779141104295,58,17.791411042944784,0.8947646747752512,1.1435435171426701e-09
sphinx-doc/sphinx,ruff_findings,326,0.0,0.09432515337423313,35,10.736196319018404,0.5558510638297872,0.0006325445740992961
sympy/sympy,cc_mean,302,0.0,0.08135462030529683,147,48.675496688741724,0.6929236499068901,8.995437016260843e-16
sympy/sympy,cc_max,302,0.0,0.3294701986754967,46,15.2317880794702,0.9335106382978723,1.5886786860413943e-08
sympy/sympy,mi,302,-0.03009309819634605,-0.4057708686724029,158,52.317880794701985,-0.8372413793103448,9.889124772124087e-22
sympy/sympy,halstead_volume,302,0.0,37.74148060085701,148,49.00662251655629,0.9354188502781585,2.7954394640743745e-24
sympy/sympy,cognitive_mean,302,0.0,0.18685961351813937,145,48.01324503311258,0.6627378759975445,1.2484840859721897e-14
sympy/sympy,cognitive_max,302,0.0,1.0778145695364238,43,14.23841059602649,1.0,1.0544261855378854e-08
sympy/sympy,max_nesting,302,0.0,0.0739514348785872,22,7.28476821192053,0.9057971014492754,8.355761502273291e-05
sympy/sympy,function_length_mean,302,0.0254863600599088,0.21906560642801548,177,58.609271523178805,0.5945305770887166,4.081537600659897e-14
sympy/sympy,function_length_max,302,0.0,1.3741721854304636,62,20.52980132450331,1.0,6.77951024396542e-12
sympy/sympy,ruff_findings,302,0.0,0.1316225165562914,32,10.596026490066226,0.7327935222672065,4.8233618276021184e-05
