repo,metric,n_patches,median_delta,mean_delta,adverse_patches,adverse_pct
astropy/astropy,cc_mean,18,0.02504262574595055,0.07886413828911615,11,61.111111111111114
astropy/astropy,cc_max,18,0.0,0.2222222222222222,3,16.666666666666668
astropy/astropy,mi,18,-0.19262210003286384,-0.34103409322233935,12,66.66666666666667
astropy/astropy,halstead_volume,18,24.825867118471763,41.71230756142832,11,61.111111111111114
astropy/astropy,cognitive_mean,18,0.02864100185528775,0.10904931616504981,12,66.66666666666667
astropy/astropy,cognitive_max,18,0.0,0.3888888888888889,3,16.666666666666668
astropy/astropy,max_nesting,18,0.0,0.1111111111111111,2,11.11111111111111
astropy/astropy,function_length_mean,18,0.03641382037166705,-0.044027968004047895,10,55.55555555555556
astropy/astropy,function_length_max,18,0.0,0.5555555555555556,3,16.666666666666668
astropy/astropy,ruff_findings,18,0.0,0.0,0,0.0
django/django,cc_mean,187,0.0,0.08761106325956243,91,48.663101604278076
django/django,cc_max,187,0.0,0.3342245989304813,27,14.438502673796792
django/django,mi,187,0.0,-0.33863282623341345,91,48.663101604278076
django/django,halstead_volume,187,0.0,35.33853136458931,89,47.593582887700535
django/django,cognitive_mean,187,0.0,0.1924290672572912,86,45.98930481283423
django/django,cognitive_max,187,0.0,0.9625668449197861,24,12.834224598930481
django/django,max_nesting,187,0.0,0.07932263814616755,14,7.4866310160427805
django/django,function_length_mean,187,0.011111111111111,0.1901197783832866,106,56.68449197860963
django/django,function_length_max,187,0.0,1.1283422459893049,33,17.647058823529413
django/django,ruff_findings,187,0.0,0.16443850267379678,24,12.834224598930481
matplotlib/matplotlib,cc_mean,1,0.0,0.0,0,0.0
matplotlib/matplotlib,cc_max,1,0.0,0.0,0,0.0
matplotlib/matplotlib,mi,1,0.0,0.0,0,0.0
matplotlib/matplotlib,halstead_volume,1,0.0,0.0,0,0.0
matplotlib/matplotlib,cognitive_mean,1,0.0,0.0,0,0.0
matplotlib/matplotlib,cognitive_max,1,0.0,0.0,0,0.0
matplotlib/matplotlib,max_nesting,1,0.0,0.0,0,0.0
matplotlib/matplotlib,function_length_mean,1,0.0,0.0,0,0.0
matplotlib/matplotlib,function_length_max,1,0.0,0.0,0,0.0
matplotlib/matplotlib,ruff_findings,1,-1.0,-1.0,0,0.0
pallets/flask,cc_mean,1,0.08,0.08,1,100.0
pallets/flask,cc_max,1,1.0,1.0,1,100.0
pallets/flask,mi,1,-0.5246766558383626,-0.5246766558383626,1,100.0
pallets/flask,halstead_volume,1,23.530572197447327,23.530572197447327,1,100.0
pallets/flask,cognitive_mean,1,0.0625,0.0625,1,100.0
pallets/flask,cognitive_max,1,1.0,1.0,1,100.0
pallets/flask,max_nesting,1,0.0,0.0,0,0.0
pallets/flask,function_length_mean,1,0.21875,0.21875,1,100.0
pallets/flask,function_length_max,1,4.0,4.0,1,100.0
pallets/flask,ruff_findings,1,0.0,0.0,0,0.0
psf/requests,cc_mean,8,0.0217803030303027,0.027821323247266126,5,62.5
psf/requests,cc_max,8,0.0,0.125,1,12.5
psf/requests,mi,8,-0.17316939983340512,-0.2063184991190998,6,75.0
psf/requests,halstead_volume,8,0.0,15.27373955060807,2,25.0
psf/requests,cognitive_mean,8,0.0121951219512195,0.03922302291204725,4,50.0
psf/requests,cognitive_max,8,0.0,0.0,0,0.0
psf/requests,max_nesting,8,0.0,0.0,0,0.0
psf/requests,function_length_mean,8,0.0437500000000019,0.05553746304508531,5,62.5
psf/requests,function_length_max,8,0.0,0.625,1,12.5
psf/requests,ruff_findings,8,0.0,0.0625,1,12.5
pydata/xarray,cc_mean,12,0.0281218781218781,0.08241047063510838,8,66.66666666666667
pydata/xarray,cc_max,12,0.0,0.16666666666666666,1,8.333333333333334
pydata/xarray,mi,12,0.0,-0.6426276424128966,5,41.666666666666664
pydata/xarray,halstead_volume,12,16.362887987062933,62.86318125795709,7,58.333333333333336
pydata/xarray,cognitive_mean,12,0.0276127981607433,0.10173621446938264,8,66.66666666666667
pydata/xarray,cognitive_max,12,0.0,0.8333333333333334,2,16.666666666666668
pydata/xarray,max_nesting,12,0.0,0.08333333333333333,1,8.333333333333334
pydata/xarray,function_length_mean,12,0.049756713476225956,0.16935920547703567,8,66.66666666666667
pydata/xarray,function_length_max,12,0.0,0.3333333333333333,2,16.666666666666668
pydata/xarray,ruff_findings,12,0.0,0.16666666666666666,2,16.666666666666668
pytest-dev/pytest,cc_mean,16,0.0,0.012720993594258477,6,37.5
pytest-dev/pytest,cc_max,16,0.0,-0.0625,1,6.25
pytest-dev/pytest,mi,16,-0.3532354532819362,-0.5167447287379761,12,75.0
pytest-dev/pytest,halstead_volume,16,0.0,17.21045663114538,6,37.5
pytest-dev/pytest,cognitive_mean,16,0.0,0.07634638271445232,5,31.25
pytest-dev/pytest,cognitive_max,16,0.0,0.6875,3,18.75
pytest-dev/pytest,max_nesting,16,0.0,-0.0625,0,0.0
pytest-dev/pytest,function_length_mean,16,0.0058139534883721,0.09140834763949879,8,50.0
pytest-dev/pytest,function_length_max,16,0.0,1.4375,2,12.5
pytest-dev/pytest,ruff_findings,16,0.0,-0.0625,0,0.0
scikit-learn/scikit-learn,cc_mean,26,0.0,0.021193933157894116,10,38.46153846153846
scikit-learn/scikit-learn,cc_max,26,0.0,0.19230769230769232,4,15.384615384615385
scikit-learn/scikit-learn,mi,26,-0.07028983555910259,-0.14387738941750353,16,61.53846153846154
scikit-learn/scikit-learn,halstead_volume,26,0.0,18.710745340978637,11,42.30769230769231
scikit-learn/scikit-learn,cognitive_mean,26,0.0,0.04374281548629576,11,42.30769230769231
scikit-learn/scikit-learn,cognitive_max,26,0.0,0.2692307692307692,2,7.6923076923076925
scikit-learn/scikit-learn,max_nesting,26,0.0,0.0,0,0.0
scikit-learn/scikit-learn,function_length_mean,26,0.1314511232544024,0.16344698909468308,21,80.76923076923077
scikit-learn/scikit-learn,function_length_max,26,0.0,0.8076923076923077,8,30.76923076923077
scikit-learn/scikit-learn,ruff_findings,26,0.0,0.11538461538461539,1,3.8461538461538463
sphinx-doc/sphinx,cc_mean,33,0.0,0.14303629152256264,15,45.45454545454545
sphinx-doc/sphinx,cc_max,33,0.0,0.7575757575757576,8,24.242424242424242
sphinx-doc/sphinx,mi,33,0.0,-0.9449807882729284,15,45.45454545454545
sphinx-doc/sphinx,halstead_volume,33,29.71820137288705,72.02651186404056,21,63.63636363636363
sphinx-doc/sphinx,cognitive_mean,33,0.0333333333333332,0.4402577554966622,18,54.54545454545455
sphinx-doc/sphinx,cognitive_max,33,0.0,3.3181818181818183,8,24.242424242424242
sphinx-doc/sphinx,max_nesting,33,0.0,0.16666666666666666,5,15.151515151515152
sphinx-doc/sphinx,function_length_mean,33,0.0209790209790199,0.6966788654206091,18,54.54545454545455
sphinx-doc/sphinx,function_length_max,33,0.0,4.151515151515151,12,36.36363636363637
sphinx-doc/sphinx,ruff_findings,33,0.0,0.16666666666666666,4,12.121212121212121
sympy/sympy,cc_mean,57,0.0,0.04925771186247084,26,45.6140350877193
sympy/sympy,cc_max,57,0.0,0.304093567251462,8,14.035087719298245
sympy/sympy,mi,57,0.0,-0.31076526639805513,23,40.35087719298246
sympy/sympy,halstead_volume,57,6.741493725620178,58.87655760218743,30,52.63157894736842
sympy/sympy,cognitive_mean,57,0.0,0.03670084092845164,28,49.12280701754386
sympy/sympy,cognitive_max,57,0.0,0.42105263157894735,8,14.035087719298245
sympy/sympy,max_nesting,57,0.0,0.07602339181286549,3,5.2631578947368425
sympy/sympy,function_length_mean,57,0.0055555555555546,-0.0090965026081438,29,50.87719298245614
sympy/sympy,function_length_max,57,0.0,0.3684210526315789,8,14.035087719298245
sympy/sympy,ruff_findings,57,0.0,-0.06140350877192982,7,12.280701754385966
