sample,outcome,predictor,n,spearman_rho,p_value,p_holm
all,adverse_dimension_count,churn,359,0.47070683619740933,3.400928152490213e-21,1.3603712609960853e-20
all,adverse_dimension_count,files_changed,359,0.025474934727246594,0.6304625901369348,0.6304625901369348
all,adverse_dimension_count,hunks,359,0.16440596729406545,0.0017751602158714741,0.005325480647614423
all,adverse_dimension_count,imports_added,359,0.15272135152065608,0.0037245051348148497,0.0074490102696296995
all,adverse_dimension_count,control_token_delta,359,0.7280507831921555,1.6671861643566788e-60,8.335930821783394e-60
all,complexity_adverse_count,churn,359,0.4186030144942512,1.1575432578709604e-16,4.630173031483842e-16
all,complexity_adverse_count,files_changed,359,0.020932773052037904,0.6926365940178927,0.6926365940178927
all,complexity_adverse_count,hunks,359,0.11128976688290333,0.03504499598396193,0.07008999196792386
all,complexity_adverse_count,imports_added,359,0.13351641384069257,0.011331704022626723,0.03399511206788017
all,complexity_adverse_count,control_token_delta,359,0.7249143148023,9.374961021384749e-60,4.687480510692375e-59
all,noncomplexity_adverse_count,churn,359,0.43980874761767863,2.053871807411739e-18,8.215487229646955e-18
all,noncomplexity_adverse_count,files_changed,359,0.03236061245206803,0.5410884761396564,0.5410884761396564
all,noncomplexity_adverse_count,hunks,359,0.17980253168383747,0.0006197357892931318,0.0018592073678793952
all,noncomplexity_adverse_count,imports_added,359,0.15924462717621068,0.0024775895902497368,0.0049551791804994735
all,noncomplexity_adverse_count,control_token_delta,359,0.6357447732129259,4.779819632983229e-42,2.3899098164916146e-41
excluding_django,adverse_dimension_count,churn,172,0.47084481912580406,7.120072653718607e-11,2.848029061487443e-10
excluding_django,adverse_dimension_count,files_changed,172,0.022232808984470616,0.77220629277199,0.77220629277199
excluding_django,adverse_dimension_count,hunks,172,0.16860996419184235,0.027033826563631083,0.054067653127262166
excluding_django,adverse_dimension_count,imports_added,172,0.28662616848387734,0.00013787409766585795,0.00041362229299757384
excluding_django,adverse_dimension_count,control_token_delta,172,0.7250547954768963,2.4413247093166592e-29,1.2206623546583297e-28
excluding_django,complexity_adverse_count,churn,172,0.41937134088074074,1.0277449739657189e-08,4.1109798958628755e-08
excluding_django,complexity_adverse_count,files_changed,172,0.012941414634020574,0.8661942662450317,0.8661942662450317
excluding_django,complexity_adverse_count,hunks,172,0.12059296905737346,0.11507518869627749,0.23015037739255498
excluding_django,complexity_adverse_count,imports_added,172,0.2682251276298457,0.00037439602570155643,0.0011231880771046692
excluding_django,complexity_adverse_count,control_token_delta,172,0.7187775991899106,1.2304576518020766e-28,6.152288259010383e-28
excluding_django,noncomplexity_adverse_count,churn,172,0.4266672224338737,5.337018113684249e-09,2.1348072454736996e-08
excluding_django,noncomplexity_adverse_count,files_changed,172,0.02618746629078078,0.7331039280105741,0.7331039280105741
excluding_django,noncomplexity_adverse_count,hunks,172,0.16567118059387814,0.029859777288676247,0.05971955457735249
excluding_django,noncomplexity_adverse_count,imports_added,172,0.27310545942197895,0.00028920423055271813,0.0008676126916581544
excluding_django,noncomplexity_adverse_count,control_token_delta,172,0.623760475695644,6.252050593727839e-20,3.1260252968639193e-19
