sample,predictor,n,spearman_rho,ci95_low,ci95_high,p_value,p_holm
all,churn,359,0.47070683619740933,0.38414073814851873,0.5493068338816793,3.400928152490213e-21,1.7004640762451067e-20
all,files_changed,359,0.025474934727246594,-0.07708999469637226,0.13435192304378316,0.6304625901369348,1.0
all,hunks,359,0.16440596729406545,0.06235971590181025,0.2612321638318478,0.0017751602158714741,0.007100640863485897
all,imports_added,359,0.15272135152065608,0.04705098965998262,0.2507132936730732,0.0037245051348148497,0.01117351540444455
all,control_token_delta,359,0.7280507831921555,0.6738016390320923,0.7734905729194324,1.6671861643566788e-60,1.0003116986140073e-59
all,security_sensitive_api_additions,359,,,,,1.0
excluding_django,churn,172,0.47084481912580406,0.33759953166913576,0.5887071351352494,7.120072653718607e-11,3.5600363268593036e-10
excluding_django,files_changed,172,0.022232808984470616,-0.1285140897093988,0.16482686774273786,0.77220629277199,1.0
excluding_django,hunks,172,0.16860996419184235,0.026302384220633402,0.3103398629003494,0.027033826563631083,0.08110147969089325
excluding_django,imports_added,172,0.28662616848387734,0.1340864060189917,0.4142440043807174,0.00013787409766585795,0.0005514963906634318
excluding_django,control_token_delta,172,0.7250547954768963,0.6529416502502184,0.782049031344318,2.4413247093166592e-29,1.4647948255899956e-28
excluding_django,security_sensitive_api_additions,172,,,,,1.0
