sample,outcome,strategy,budget_target,patches_inspected,actual_effort_pct,burden_capture_pct,random_expected_capture_pct,lift_over_random,oracle_capture_pct,fraction_of_oracle
all,noncomplexity_adverse_count,churn,0.1,36,10.027855153203342,13.798219584569733,10.027855153203342,1.3759891196834817,22.700296735905045,0.6078431372549019
all,noncomplexity_adverse_count,control_token_delta,0.1,36,10.027855153203342,17.231877914370493,10.027855153203342,1.7184011586830577,22.700296735905045,0.7591036414565825
all,noncomplexity_adverse_count,imports_added,0.1,36,10.027855153203342,13.886327322529105,10.027855153203342,1.3847754191077635,22.700296735905045,0.6117244846656612
all,noncomplexity_adverse_count,control_plus_churn,0.1,36,10.027855153203342,17.210682492581604,10.027855153203342,1.7162875041213321,22.700296735905045,0.7581699346405228
all,noncomplexity_adverse_count,churn,0.2,72,20.055710306406684,27.596439169139465,20.055710306406684,1.3759891196834817,40.80118694362017,0.6763636363636364
all,noncomplexity_adverse_count,control_token_delta,0.2,72,20.055710306406684,32.44894396927911,20.055710306406684,1.6179404006904445,40.80118694362017,0.7952941176470589
all,noncomplexity_adverse_count,imports_added,0.2,72,20.055710306406684,23.48413604199954,20.055710306406684,1.1709451165385882,40.80118694362017,0.5755748251748252
all,noncomplexity_adverse_count,control_plus_churn,0.2,72,20.055710306406684,31.750741839762615,20.055710306406684,1.5831272667326082,40.80118694362017,0.7781818181818183
all,noncomplexity_adverse_count,churn,0.3,108,30.08356545961003,41.96958456973294,30.08356545961003,1.3951000796790856,56.82492581602374,0.7385770234986945
all,noncomplexity_adverse_count,control_token_delta,0.3,108,30.08356545961003,47.46618366796408,30.08356545961003,1.5778111052591763,56.82492581602374,0.8353056864806211
all,noncomplexity_adverse_count,imports_added,0.3,108,30.08356545961003,33.081944761469984,30.08356545961003,1.09966834901553,56.82492581602374,0.5821731271339626
all,noncomplexity_adverse_count,control_plus_churn,0.3,108,30.08356545961003,46.439169139465875,30.08356545961003,1.5436723815803934,56.82492581602374,0.8172323759791122
all,noncomplexity_adverse_count,churn,0.5,180,50.13927576601671,66.42488185514893,50.13927576601671,1.3248073658888035,80.86053412462908,0.8214746856948693
all,noncomplexity_adverse_count,control_token_delta,0.5,180,50.13927576601671,73.96431461713361,50.13927576601671,1.4751771637528315,80.86053412462908,0.9147146431550102
all,noncomplexity_adverse_count,imports_added,0.5,180,50.13927576601671,52.27756220041086,50.13927576601671,1.0426469349970835,80.86053412462908,0.646515172900494
all,noncomplexity_adverse_count,control_plus_churn,0.5,180,50.13927576601671,70.84569732937686,50.13927576601671,1.4129780745136828,80.86053412462908,0.8761467889908257
all,all_adverse_count,churn,0.1,36,10.027855153203342,14.000000000000002,10.027855153203342,1.3961111111111113,26.08695652173913,0.5366666666666667
all,all_adverse_count,control_token_delta,0.1,36,10.027855153203342,19.67701863354037,10.027855153203342,1.9622360248447204,26.08695652173913,0.7542857142857142
all,all_adverse_count,imports_added,0.1,36,10.027855153203342,14.269966555183947,10.027855153203342,1.4230327759197325,26.08695652173913,0.5470153846153847
all,all_adverse_count,control_plus_churn,0.1,36,10.027855153203342,18.869565217391305,10.027855153203342,1.8817149758454106,26.08695652173913,0.7233333333333334
all,all_adverse_count,churn,0.2,72,20.055710306406684,29.043478260869566,20.055710306406684,1.4481400966183575,44.95652173913044,0.6460348162475822
all,all_adverse_count,control_token_delta,0.2,72,20.055710306406684,35.33503836317136,20.055710306406684,1.7618442739414606,44.95652173913044,0.785982478097622
all,all_adverse_count,imports_added,0.2,72,20.055710306406684,23.82501672240803,20.055710306406684,1.187941806020067,44.95652173913044,0.5299568516589794
all,all_adverse_count,control_plus_churn,0.2,72,20.055710306406684,34.405797101449274,20.055710306406684,1.715511272141707,44.95652173913044,0.7653127014829143
all,all_adverse_count,churn,0.3,108,30.08356545961003,45.065217391304344,30.08356545961003,1.4980012077294684,60.608695652173914,0.7435437589670014
all,all_adverse_count,control_token_delta,0.3,108,30.08356545961003,51.31112365894974,30.08356545961003,1.7056197586632367,60.608695652173914,0.8465967318191133
all,all_adverse_count,imports_added,0.3,108,30.08356545961003,33.38006688963211,30.08356545961003,1.109578149386845,60.608695652173914,0.5507471581503145
all,all_adverse_count,control_plus_churn,0.3,108,30.08356545961003,50.372670807453424,30.08356545961003,1.6744248907292387,60.608695652173914,0.8311129329780693
all,all_adverse_count,churn,0.5,180,50.13927576601671,67.6328502415459,50.13927576601671,1.348899624261943,85.04347826086956,0.7952738014087708
all,all_adverse_count,control_token_delta,0.5,180,50.13927576601671,79.60700169395821,50.13927576601671,1.5877174226739443,85.04347826086956,0.9360741507980771
all,all_adverse_count,imports_added,0.5,180,50.13927576601671,52.49016722408027,50.13927576601671,1.0468872240802676,85.04347826086956,0.617215667767815
all,all_adverse_count,control_plus_churn,0.5,180,50.13927576601671,74.59420289855073,50.13927576601671,1.4877399355877619,85.04347826086956,0.877130197682345
excluding_django,noncomplexity_adverse_count,churn,0.1,18,10.465116279069768,13.293051359516618,10.465116279069768,1.2702249076871432,23.26283987915408,0.5714285714285714
excluding_django,noncomplexity_adverse_count,control_token_delta,0.1,18,10.465116279069768,16.993957703927492,10.465116279069768,1.6238670694864048,23.26283987915408,0.7305194805194805
excluding_django,noncomplexity_adverse_count,imports_added,0.1,18,10.465116279069768,16.880664652567976,10.465116279069768,1.613041289023162,23.26283987915408,0.7256493506493507
excluding_django,noncomplexity_adverse_count,control_plus_churn,0.1,18,10.465116279069768,16.61631419939577,10.465116279069768,1.5877811346089292,23.26283987915408,0.7142857142857143
excluding_django,noncomplexity_adverse_count,churn,0.2,35,20.348837209302324,25.981873111782477,20.348837209302324,1.2768234786361674,40.78549848942598,0.6370370370370371
excluding_django,noncomplexity_adverse_count,control_token_delta,0.2,35,20.348837209302324,31.722054380664655,20.348837209302324,1.5589123867069488,40.78549848942598,0.7777777777777779
excluding_django,noncomplexity_adverse_count,imports_added,0.2,35,20.348837209302324,26.41826116146358,20.348837209302324,1.298268834220496,40.78549848942598,0.6477366255144034
excluding_django,noncomplexity_adverse_count,control_plus_churn,0.2,35,20.348837209302324,31.722054380664655,20.348837209302324,1.5589123867069488,40.78549848942598,0.7777777777777779
excluding_django,noncomplexity_adverse_count,churn,0.3,52,30.23255813953488,39.87915407854985,30.23255813953488,1.3190797118289566,56.19335347432024,0.7096774193548387
excluding_django,noncomplexity_adverse_count,control_token_delta,0.3,52,30.23255813953488,47.40022261090793,30.23255813953488,1.5678535171300316,56.19335347432024,0.843520090548953
excluding_django,noncomplexity_adverse_count,imports_added,0.3,52,30.23255813953488,35.54884189325277,30.23255813953488,1.1758463087768225,56.19335347432024,0.6326164874551972
excluding_django,noncomplexity_adverse_count,control_plus_churn,0.3,52,30.23255813953488,46.22356495468278,30.23255813953488,1.5289333023471996,56.19335347432024,0.8225806451612903
excluding_django,noncomplexity_adverse_count,churn,0.5,86,50.0,64.40080563947633,50.0,1.2880161127895267,80.06042296072508,0.8044025157232704
excluding_django,noncomplexity_adverse_count,control_token_delta,0.5,86,50.0,72.9995684074234,50.0,1.459991368148468,80.06042296072508,0.9118059299191376
excluding_django,noncomplexity_adverse_count,imports_added,0.5,86,50.0,53.810003356831146,50.0,1.076200067136623,80.06042296072508,0.6721174004192871
excluding_django,noncomplexity_adverse_count,control_plus_churn,0.5,86,50.0,70.09063444108762,50.0,1.4018126888217524,80.06042296072508,0.8754716981132076
excluding_django,all_adverse_count,churn,0.1,18,10.465116279069768,13.628318584070797,10.465116279069768,1.3022615535889872,26.725663716814157,0.5099337748344371
excluding_django,all_adverse_count,control_token_delta,0.1,18,10.465116279069768,18.805309734513273,10.465116279069768,1.7969518190757126,26.725663716814157,0.7036423841059603
excluding_django,all_adverse_count,imports_added,0.1,18,10.465116279069768,18.13053097345133,10.465116279069768,1.732472959685349,26.725663716814157,0.6783940397350994
excluding_django,all_adverse_count,control_plus_churn,0.1,18,10.465116279069768,17.345132743362832,10.465116279069768,1.6574237954768927,26.725663716814157,0.6490066225165563
excluding_django,all_adverse_count,churn,0.2,35,20.348837209302324,27.52212389380531,20.348837209302324,1.3525158027812896,44.955752212389385,0.6122047244094488
excluding_django,all_adverse_count,control_token_delta,0.2,35,20.348837209302324,33.98230088495575,20.348837209302324,1.6699873577749684,44.955752212389385,0.7559055118110236
excluding_django,all_adverse_count,imports_added,0.2,35,20.348837209302324,27.57360171207126,20.348837209302324,1.3550455698503592,44.955752212389385,0.6133498018630025
excluding_django,all_adverse_count,control_plus_churn,0.2,35,20.348837209302324,33.80530973451327,20.348837209302324,1.6612895069532236,44.955752212389385,0.7519685039370078
excluding_django,all_adverse_count,churn,0.3,52,30.23255813953488,42.72566371681416,30.23255813953488,1.4132334921715455,60.0,0.712094395280236
excluding_django,all_adverse_count,control_token_delta,0.3,52,30.23255813953488,50.61015370284117,30.23255813953488,1.6740281609401308,60.0,0.8435025617140195
excluding_django,all_adverse_count,imports_added,0.3,52,30.23255813953488,36.56081901787264,30.23255813953488,1.2093193982834796,60.0,0.6093469836312106
excluding_django,all_adverse_count,control_plus_churn,0.3,52,30.23255813953488,50.61946902654867,30.23255813953488,1.6743362831858406,60.0,0.8436578171091446
excluding_django,all_adverse_count,churn,0.5,86,50.0,65.45722713864306,50.0,1.3091445427728612,84.42477876106194,0.7753319357092942
excluding_django,all_adverse_count,control_token_delta,0.5,86,50.0,78.61946902654867,50.0,1.5723893805309734,84.42477876106194,0.9312368972746331
excluding_django,all_adverse_count,imports_added,0.5,86,50.0,54.5352536294754,50.0,1.090705072589508,84.42477876106194,0.6459626478124445
excluding_django,all_adverse_count,control_plus_churn,0.5,86,50.0,74.51327433628319,50.0,1.4902654867256637,84.42477876106194,0.8825995807127882
