sample,strategy,budget_target,patches_inspected,actual_effort_pct,burden_capture_pct,capture_ci95_low,capture_ci95_high,random_expected_pct,lift_over_random
all,control_token_delta,0.1,36,10.027855153203342,17.231877914370493,15.161481339460705,19.033356055714382,10.027855153203342,1.7184011586830577
all,control_token_delta,0.2,72,20.055710306406684,32.44894396927911,29.59493118875065,35.21884218250905,20.055710306406684,1.6179404006904445
all,control_token_delta,0.3,108,30.08356545961003,47.46618366796408,44.086054473479955,50.805245935957124,30.08356545961003,1.5778111052591763
all,control_token_delta,0.5,180,50.13927576601671,73.96431461713361,69.80426623410274,76.72415345633046,50.13927576601671,1.4751771637528315
all,churn,0.1,36,10.027855153203342,13.798219584569733,11.306897306501762,16.320534656890793,10.027855153203342,1.3759891196834817
all,churn,0.2,72,20.055710306406684,27.596439169139465,24.411268855368235,30.87961706212554,20.055710306406684,1.3759891196834817
all,churn,0.3,108,30.08356545961003,41.96958456973294,38.61665198317453,45.44086648245159,30.08356545961003,1.3951000796790856
all,churn,0.5,180,50.13927576601671,66.42488185514893,62.675534827602206,70.17696359520342,50.13927576601671,1.3248073658888035
excluding_django,control_token_delta,0.1,18,10.465116279069768,16.993957703927492,14.034956794972508,19.637779324073172,10.465116279069768,1.6238670694864048
excluding_django,control_token_delta,0.2,35,20.348837209302324,31.722054380664655,28.108640982763056,36.13474692202462,20.348837209302324,1.5589123867069488
excluding_django,control_token_delta,0.3,52,30.23255813953488,47.40022261090793,42.45065948051013,52.27311912225705,30.23255813953488,1.5678535171300316
excluding_django,control_token_delta,0.5,86,50.0,72.9995684074234,67.37480125069662,77.94574978897698,50.0,1.459991368148468
excluding_django,churn,0.1,18,10.465116279069768,13.293051359516618,9.940583703485265,17.164367556158595,10.465116279069768,1.2702249076871432
excluding_django,churn,0.2,35,20.348837209302324,25.981873111782477,21.656487998096015,30.55576162215628,20.348837209302324,1.2768234786361674
excluding_django,churn,0.3,52,30.23255813953488,39.87915407854985,34.76923076923077,45.03341089433805,30.23255813953488,1.3190797118289566
excluding_django,churn,0.5,86,50.0,64.40080563947633,58.39330956342445,70.6977539256609,50.0,1.2880161127895267
