Metric,Adverse patches,Adverse (%),Median delta,Mean delta,Rank-biserial,Holm p
Mean cyclomatic complexity,173/359,48.2,0.0,0.076,0.686,<0.001
Maximum cyclomatic complexity,54/359,15.0,0.0,0.325,0.924,<0.001
Maintainability Index,181/359,50.4,-0.009,-0.391,-0.819,<0.001
Halstead volume,178/359,49.6,0.0,41.097,0.861,<0.001
Mean cognitive complexity,173/359,48.2,0.0,0.163,0.634,<0.001
Maximum cognitive complexity,51/359,14.2,0.0,0.974,0.986,<0.001
Maximum nesting,25/359,7.0,0.0,0.074,0.917,<0.001
Mean function length,206/359,57.4,0.021,0.183,0.539,<0.001
Maximum function length,70/359,19.5,0.0,1.214,0.914,<0.001
Ruff findings,39/359,10.9,0.0,0.101,0.593,<0.001
